id,first_name,last_name,email,gender,matematika,fisika
1,Keelby,McVicar,kmcvicar0@scribd.com,Male,81,60
2,Nestor,Langhorne,nlanghorne1@woothemes.com,Male,21,58
3,Doti,Denney,ddenney2@umn.edu,Female,51,12
4,Stefan,Hanmer,shanmer3@springer.com,Male,33,63
5,Brandon,Andras,bandras4@g.co,Male,92,72
6,Augustine,Brafferton,abrafferton5@twitter.com,Male,36,19
7,Raymund,Cornau,rcornau6@cloudflare.com,Male,97,19
8,Bertina,Denge,bdenge7@sfgate.com,Female,12,36
9,Allis,Habgood,ahabgood8@clickbank.net,Female,20,66
10,Sindee,Bruffell,sbruffell9@shareasale.com,Female,1,92
11,Saloma,Nemchinov,snemchinova@bandcamp.com,Female,77,6
12,Danny,Pinnell,dpinnellb@imgur.com,Male,0,88
13,Hew,O'Fairy,hofairyc@squarespace.com,Male,65,19
14,Patience,Collinson,pcollinsond@un.org,Female,26,3
15,Timofei,Cockerham,tcockerhame@businessinsider.com,Male,95,50
16,Rivy,Langdale,rlangdalef@hao123.com,Female,87,21
17,Karilynn,Richmont,krichmontg@gnu.org,Female,89,61
18,Vernon,Aspey,vaspeyh@va.gov,Male,5,95
19,De witt,Olennikov,dolennikovi@4shared.com,Male,65,50
20,Kerrill,Willisch,kwillischj@deviantart.com,Female,61,99
21,Albrecht,Dowthwaite,adowthwaitek@state.gov,Male,2,20
22,Larissa,Graham,lgrahaml@technorati.com,Female,91,63
23,Dulcinea,Surridge,dsurridgem@ifeng.com,Female,85,45
24,Shelby,Smithend,ssmithendn@ehow.com,Male,93,48
25,Sydelle,Baudouin,sbaudouino@pinterest.com,Female,70,92
26,Nana,Pullar,npullarp@foxnews.com,Female,49,29
27,Vere,Stych,vstychq@un.org,Female,8,68
28,Darb,Lowdeane,dlowdeaner@virginia.edu,Female,94,70
29,Manon,Guitte,mguittes@japanpost.jp,Female,28,40
30,Ed,Duns,edunst@webeden.co.uk,Male,40,4
31,Ellene,Cabble,ecabbleu@pinterest.com,Female,43,5
32,Jedidiah,McKeon,jmckeonv@acquirethisname.com,Male,62,3
33,Nelli,Rutledge,nrutledgew@dailymotion.com,Female,38,16
34,Louisa,Edler,ledlerx@ustream.tv,Female,10,81
35,Jerrome,Greger,jgregery@slashdot.org,Male,96,73
36,Curry,Twycross,ctwycrossz@utexas.edu,Male,74,61
37,Keely,Seifenmacher,kseifenmacher10@ask.com,Female,25,80
38,Lynn,Bradnock,lbradnock11@jugem.jp,Male,69,30
39,Ingeborg,Obbard,iobbard12@blogs.com,Female,30,68
40,Germain,Zink,gzink13@weather.com,Female,38,94
41,Myrta,Piggens,mpiggens14@addtoany.com,Female,39,40
42,Carin,Deesly,cdeesly15@globo.com,Female,41,20
43,Saudra,Clapston,sclapston16@who.int,Female,71,75
44,Twyla,Code,tcode17@answers.com,Female,22,54
45,Merl,Brasseur,mbrasseur18@virginia.edu,Female,60,39
46,Iorgo,Bonhome,ibonhome19@blog.com,Male,41,68
47,Jennifer,Paschek,jpaschek1a@quantcast.com,Female,18,53
48,Gerta,Franzettoini,gfranzettoini1b@timesonline.co.uk,Female,2,98
49,Ronda,Earsman,rearsman1c@constantcontact.com,Female,89,61
50,Jasmine,Maddrell,jmaddrell1d@goo.gl,Female,74,21
51,Lora,Holsall,lholsall1e@cafepress.com,Female,55,23
52,Corena,Hitzke,chitzke1f@europa.eu,Female,61,99
53,Fowler,Guite,fguite1g@comcast.net,Male,71,10
54,Polly,Brashaw,pbrashaw1h@slideshare.net,Female,58,77
55,Isidora,Culy,iculy1i@youtu.be,Female,20,5
56,Jeff,Phipp,jphipp1j@yolasite.com,Male,48,71
57,Enrica,Ludford,eludford1k@biblegateway.com,Female,42,27
58,Berky,Demschke,bdemschke1l@rakuten.co.jp,Male,54,18
59,Casi,Lansley,clansley1m@umich.edu,Female,42,45
60,Koralle,Josland,kjosland1n@mail.ru,Female,66,50
61,Brittney,Doidge,bdoidge1o@weebly.com,Female,35,27
62,Garold,Kefford,gkefford1p@lycos.com,Male,29,78
63,Grayce,Kirkwood,gkirkwood1q@dmoz.org,Female,52,26
64,Herold,Parsell,hparsell1r@wiley.com,Male,35,84
65,Betteanne,Codrington,bcodrington1s@ed.gov,Female,8,49
66,Madelene,MacMakin,mmacmakin1t@adobe.com,Female,91,35
67,Matthieu,Furmage,mfurmage1u@amazonaws.com,Male,86,26
68,Lion,Siberry,lsiberry1v@forbes.com,Male,77,84
69,Rhetta,Armor,rarmor1w@mashable.com,Female,41,82
70,Cody,Maude,cmaude1x@digg.com,Female,29,8
71,Rosamund,Rhymer,rrhymer1y@w3.org,Female,9,0
72,Mireielle,Westmancoat,mwestmancoat1z@topsy.com,Female,97,14
73,Maisie,Aingell,maingell20@bloomberg.com,Female,59,53
74,Arvin,Jakel,ajakel21@hud.gov,Male,15,73
75,Kevyn,Celli,kcelli22@stumbleupon.com,Female,24,76
76,Mattie,Anderer,manderer23@netlog.com,Female,96,54
77,Adolphe,Brinkman,abrinkman24@wiley.com,Male,19,98
78,Carmella,Schubert,cschubert25@mit.edu,Female,85,68
79,Christopher,Zambon,czambon26@prnewswire.com,Male,8,41
80,Alasteir,Fairham,afairham27@craigslist.org,Male,17,20
81,Hillie,Blacklawe,hblacklawe28@nyu.edu,Male,24,57
82,Andrei,Eckford,aeckford29@marketwatch.com,Female,77,23
83,Jae,Girardetti,jgirardetti2a@npr.org,Male,78,42
84,Dorotea,Neaverson,dneaverson2b@chron.com,Female,75,86
85,Killy,Kinde,kkinde2c@blog.com,Male,42,9
86,Batsheva,Ickovitz,bickovitz2d@networksolutions.com,Female,4,70
87,Si,Mathes,smathes2e@sun.com,Male,37,36
88,Brianna,Gabites,bgabites2f@addthis.com,Female,66,24
89,Berky,Heeron,bheeron2g@webmd.com,Male,84,61
90,Matthaeus,Lashmar,mlashmar2h@youku.com,Male,45,37
91,Fleur,Sheraton,fsheraton2i@slate.com,Female,65,83
92,Rheba,Fearne,rfearne2j@pbs.org,Female,47,74
93,Amelita,Ormshaw,aormshaw2k@nytimes.com,Female,45,52
94,Annadiana,Brelsford,abrelsford2l@ed.gov,Female,75,56
95,Suzette,Croson,scroson2m@answers.com,Female,77,67
96,Clotilda,Skates,cskates2n@opensource.org,Female,50,45
97,Jaquelyn,Wimbridge,jwimbridge2o@mapy.cz,Female,21,83
98,Harbert,O'Downe,hodowne2p@paginegialle.it,Male,73,72
99,Marchelle,Scading,mscading2q@pagesperso-orange.fr,Female,63,35
100,Rosalie,Stopper,rstopper2r@creativecommons.org,Female,41,74
101,Roddy,Kiely,rkiely2s@virginia.edu,Male,75,29
102,Kalina,Bolin,kbolin2t@i2i.jp,Female,76,2
103,Vivienne,Plumley,vplumley2u@businessinsider.com,Female,76,33
104,Cam,Coltart,ccoltart2v@geocities.com,Male,38,69
105,Ken,Nickoles,knickoles2w@vkontakte.ru,Male,24,24
106,Garry,Boniface,gboniface2x@berkeley.edu,Male,71,29
107,Sidney,Gatecliff,sgatecliff2y@tumblr.com,Male,42,17
108,Tori,Dwire,tdwire2z@bizjournals.com,Female,82,23
109,Sawyer,Yakuntsov,syakuntsov30@cornell.edu,Male,44,70
110,Dacia,Stegers,dstegers31@ebay.co.uk,Female,66,74
111,Penn,Kubes,pkubes32@uiuc.edu,Male,44,12
112,Sabine,Roote,sroote33@blog.com,Female,14,64
113,Catie,Helwig,chelwig34@discuz.net,Female,21,99
114,Susanna,Kunze,skunze35@devhub.com,Female,18,96
115,Andie,Willmett,awillmett36@youtube.com,Male,62,41
116,Greggory,Tottman,gtottman37@linkedin.com,Male,17,1
117,Dominique,Lempel,dlempel38@pcworld.com,Male,99,79
118,Harmonie,Aulds,haulds39@rakuten.co.jp,Female,60,9
119,Brigitta,Burkett,bburkett3a@nydailynews.com,Female,38,33
120,Estevan,Enright,eenright3b@omniture.com,Male,76,10
121,Layton,Gange,lgange3c@spiegel.de,Male,71,42
122,Velvet,Tomczak,vtomczak3d@shinystat.com,Female,45,21
123,Issy,Gyenes,igyenes3e@wordpress.org,Female,84,94
124,Marlee,Inns,minns3f@nps.gov,Female,98,37
125,Torey,Grabert,tgrabert3g@deviantart.com,Male,41,34
126,Cherin,Truce,ctruce3h@businessweek.com,Female,27,31
127,Tootsie,Barbosa,tbarbosa3i@usgs.gov,Female,38,80
128,Allina,Sandeford,asandeford3j@so-net.ne.jp,Female,5,94
129,Clive,Iacobini,ciacobini3k@pinterest.com,Male,13,80
130,Lay,Gillinghams,lgillinghams3l@mail.ru,Male,90,78
131,Wendel,Roylance,wroylance3m@sphinn.com,Male,65,77
132,Cazzie,Collister,ccollister3n@bandcamp.com,Male,48,74
133,Elizabeth,Desborough,edesborough3o@tiny.cc,Female,42,71
134,Bendick,Tremayne,btremayne3p@dagondesign.com,Male,15,14
135,Erminie,Pauletto,epauletto3q@taobao.com,Female,87,58
136,Tansy,Crossley,tcrossley3r@topsy.com,Female,45,20
137,Fletcher,Kinsell,fkinsell3s@pbs.org,Male,77,63
138,Nevile,Siseland,nsiseland3t@spotify.com,Male,7,50
139,Nolan,Levesque,nlevesque3u@freewebs.com,Male,14,24
140,Page,Erasmus,perasmus3v@spotify.com,Female,79,79
141,Sukey,Petcher,spetcher3w@ow.ly,Female,55,34
142,Caryl,Beardall,cbeardall3x@bing.com,Male,82,5
143,Katinka,Beddo,kbeddo3y@theatlantic.com,Female,7,17
144,Sol,Sacks,ssacks3z@odnoklassniki.ru,Male,65,79
145,Tynan,Merigeau,tmerigeau40@mysql.com,Male,35,49
146,Stillman,Southwick,ssouthwick41@rambler.ru,Male,5,69
147,Geri,Guilloux,gguilloux42@geocities.com,Female,48,82
148,Olivie,Vinecombe,ovinecombe43@examiner.com,Female,34,11
149,Gerti,Gouldbourn,ggouldbourn44@nytimes.com,Female,37,31
150,Janeva,Askie,jaskie45@alexa.com,Female,57,35
151,Uriah,Kuschek,ukuschek46@shinystat.com,Male,42,49
152,William,Imlock,wimlock47@google.pl,Male,73,97
153,Klarika,Holhouse,kholhouse48@smh.com.au,Female,33,5
154,Alfy,Farragher,afarragher49@utexas.edu,Male,23,78
155,Charley,Goodlatt,cgoodlatt4a@nbcnews.com,Male,91,80
156,Sutherlan,Ivatts,sivatts4b@va.gov,Male,82,38
157,Franny,Siviter,fsiviter4c@comcast.net,Female,56,7
158,Maurise,Schimke,mschimke4d@nyu.edu,Male,1,76
159,Jonah,Novotna,jnovotna4e@51.la,Male,5,39
160,Morty,Andree,mandree4f@canalblog.com,Male,0,88
161,Hendrick,Colaton,hcolaton4g@bluehost.com,Male,16,44
162,Ashley,McRannell,amcrannell4h@accuweather.com,Male,75,2
163,Anet,Grundey,agrundey4i@dailymail.co.uk,Female,22,83
164,Joannes,Lusty,jlusty4j@craigslist.org,Female,33,90
165,Hasty,Boake,hboake4k@list-manage.com,Male,36,11
166,Osmund,Moneypenny,omoneypenny4l@liveinternet.ru,Male,80,79
167,Opalina,Prosh,oprosh4m@networkadvertising.org,Female,97,49
168,Brennan,Bradbrook,bbradbrook4n@washington.edu,Male,15,35
169,Roland,Klaassens,rklaassens4o@issuu.com,Male,87,96
170,Marinna,O'Sullivan,mosullivan4p@ehow.com,Female,14,14
171,Delbert,Hartop,dhartop4q@weather.com,Male,14,33
172,Carver,Tesauro,ctesauro4r@ning.com,Male,77,8
173,Lexie,Beswick,lbeswick4s@squarespace.com,Female,40,49
174,Tabb,Cruddace,tcruddace4t@gnu.org,Male,38,92
175,Egon,Perfect,eperfect4u@smugmug.com,Male,4,43
176,Juli,Morewood,jmorewood4v@1und1.de,Female,64,32
177,Ode,Restall,orestall4w@sourceforge.net,Male,23,62
178,Reeva,Starling,rstarling4x@economist.com,Female,54,73
179,Daphene,Healks,dhealks4y@addthis.com,Female,23,46
180,Abner,McCroft,amccroft4z@china.com.cn,Male,38,28
181,Elyssa,Gummery,egummery50@wikispaces.com,Female,23,20
182,Gladys,Parminter,gparminter51@liveinternet.ru,Female,92,39
183,Orlan,Carey,ocarey52@dailymail.co.uk,Male,3,75
184,Brandy,Baudasso,bbaudasso53@indiegogo.com,Female,29,7
185,Arri,Brooks,abrooks54@sourceforge.net,Male,21,1
186,Betti,Kitchin,bkitchin55@engadget.com,Female,51,45
187,Milt,Johl,mjohl56@twitter.com,Male,79,3
188,Beverlee,Taffrey,btaffrey57@howstuffworks.com,Female,67,28
189,Fransisco,Monkley,fmonkley58@google.nl,Male,30,18
190,Nathanael,McNab,nmcnab59@etsy.com,Male,2,70
191,Charlie,Candy,ccandy5a@people.com.cn,Male,41,93
192,Florance,Stampfer,fstampfer5b@cbslocal.com,Female,67,87
193,Veronike,Bentham,vbentham5c@time.com,Female,26,31
194,Ines,Sainsbury-Brown,isainsburybrown5d@wunderground.com,Female,20,100
195,Wheeler,Collaton,wcollaton5e@amazonaws.com,Male,98,20
196,Robinson,O'Kielt,rokielt5f@shutterfly.com,Male,1,32
197,Ivy,Saxby,isaxby5g@istockphoto.com,Female,38,57
198,Ray,Danielsohn,rdanielsohn5h@so-net.ne.jp,Female,86,67
199,Giuseppe,Jirsa,gjirsa5i@un.org,Male,59,31
200,Bartel,Mozzi,bmozzi5j@springer.com,Male,67,70
201,Carry,Gaddes,cgaddes5k@w3.org,Female,93,96
202,Aland,Coogan,acoogan5l@fotki.com,Male,26,95
203,Hephzibah,Cuel,hcuel5m@google.com.hk,Female,74,74
204,May,Dobby,mdobby5n@accuweather.com,Female,65,81
205,Vonnie,Hay,vhay5o@wired.com,Female,86,70
206,Leontine,Andreutti,landreutti5p@tripod.com,Female,46,68
207,Gaspar,Prigg,gprigg5q@tinyurl.com,Male,57,90
208,Annalise,Cullinane,acullinane5r@about.com,Female,81,20
209,Stormie,Hanna,shanna5s@wsj.com,Female,12,5
210,Sela,Mackilpatrick,smackilpatrick5t@gnu.org,Female,92,81
211,Fonz,Lamas,flamas5u@dot.gov,Male,54,92
212,Clemmy,Jacobowitz,cjacobowitz5v@theglobeandmail.com,Male,63,41
213,Susan,Bails,sbails5w@parallels.com,Female,77,90
214,Martyn,Baber,mbaber5x@go.com,Male,79,33
215,Krissy,Vittery,kvittery5y@aboutads.info,Female,22,0
216,Hunter,MacIntyre,hmacintyre5z@abc.net.au,Male,100,43
217,Christoper,Bampford,cbampford60@sun.com,Male,1,93
218,Dennie,Hacquel,dhacquel61@sbwire.com,Female,7,7
219,Jodi,Naulls,jnaulls62@oracle.com,Female,40,38
220,Donnamarie,Baddiley,dbaddiley63@ebay.com,Female,6,78
221,Darsey,Styles,dstyles64@goo.gl,Female,50,98
222,Gothart,Barense,gbarense65@yahoo.com,Male,87,30
223,Barn,Mettricke,bmettricke66@hp.com,Male,97,62
224,Floris,Longbothom,flongbothom67@dailymail.co.uk,Female,2,6
225,Marleen,Hussy,mhussy68@theatlantic.com,Female,75,19
226,Codie,Pickles,cpickles69@webmd.com,Male,40,89
227,Brooke,Myall,bmyall6a@etsy.com,Female,13,82
228,Mercedes,Menear,mmenear6b@nymag.com,Female,52,21
229,Mischa,Chinnock,mchinnock6c@shutterfly.com,Male,77,1
230,Byrle,Kiffin,bkiffin6d@engadget.com,Male,65,84
231,Duff,Byrth,dbyrth6e@elegantthemes.com,Male,1,94
232,Weber,Cuppleditch,wcuppleditch6f@si.edu,Male,6,72
233,Darin,Kenewel,dkenewel6g@telegraph.co.uk,Male,93,12
234,Arabella,Durrand,adurrand6h@cbsnews.com,Female,25,86
235,Giorgi,Eastlake,geastlake6i@mediafire.com,Male,11,40
236,Starlin,Pooke,spooke6j@youtu.be,Female,70,82
237,Mordy,Rimes,mrimes6k@washingtonpost.com,Male,15,67
238,Whitney,Blinman,wblinman6l@dmoz.org,Female,30,12
239,Goddard,MacKenzie,gmackenzie6m@i2i.jp,Male,25,100
240,Almire,Mabbs,amabbs6n@macromedia.com,Female,80,0
241,Roxanna,Lewin,rlewin6o@jugem.jp,Female,78,4
242,Tory,Rushby,trushby6p@ocn.ne.jp,Female,65,4
243,Elberta,Skillings,eskillings6q@1und1.de,Female,18,22
244,Ardra,Philliphs,aphilliphs6r@princeton.edu,Female,54,31
245,Edd,Nolan,enolan6s@1688.com,Male,45,100
246,Hewet,Marklow,hmarklow6t@mail.ru,Male,50,96
247,Collete,Grund,cgrund6u@fastcompany.com,Female,66,70
248,Kathryne,Dwelling,kdwelling6v@independent.co.uk,Female,44,85
249,Henderson,Lutz,hlutz6w@xrea.com,Male,68,21
250,Stillman,Whitham,swhitham6x@fc2.com,Male,65,26
251,Hammad,McClure,hmcclure6y@wikispaces.com,Male,64,3
252,Maryanna,Cagan,mcagan6z@arizona.edu,Female,58,14
253,Noam,Parkyn,nparkyn70@whitehouse.gov,Male,90,100
254,Mata,Kingswoode,mkingswoode71@wisc.edu,Male,24,73
255,Betteanne,Seawell,bseawell72@prlog.org,Female,76,66
256,Millie,Bastone,mbastone73@usgs.gov,Female,86,69
257,Killian,Schaffel,kschaffel74@about.me,Male,53,69
258,Waylon,Fisby,wfisby75@ebay.co.uk,Male,2,37
259,Mackenzie,Johnsey,mjohnsey76@simplemachines.org,Male,94,8
260,Doralynne,O' Mara,domara77@taobao.com,Female,1,30
261,Jyoti,Staneland,jstaneland78@wikispaces.com,Female,6,61
262,Adamo,Reeder,areeder79@vistaprint.com,Male,92,62
263,Blondelle,Fenners,bfenners7a@odnoklassniki.ru,Female,94,61
264,Annis,Ledster,aledster7b@cloudflare.com,Female,78,5
265,Maddie,Tomasino,mtomasino7c@cnet.com,Male,6,15
266,Andrey,McDool,amcdool7d@gov.uk,Male,88,9
267,Ewart,Rhymer,erhymer7e@chicagotribune.com,Male,25,67
268,Jakie,Kedie,jkedie7f@wsj.com,Male,86,40
269,Lavinie,Elstub,lelstub7g@topsy.com,Female,80,25
270,Rem,Vaughan-Hughes,rvaughanhughes7h@mapy.cz,Male,54,94
271,Stanwood,Culbard,sculbard7i@wikispaces.com,Male,21,84
272,Hobie,Schutter,hschutter7j@topsy.com,Male,2,38
273,Cart,Pinniger,cpinniger7k@phoca.cz,Male,18,29
274,Bobbie,Brayne,bbrayne7l@rambler.ru,Female,38,39
275,Stanley,Chamley,schamley7m@java.com,Male,60,29
276,Dede,Plom,dplom7n@ihg.com,Female,17,75
277,Mycah,MacRury,mmacrury7o@imgur.com,Male,3,0
278,Kaleb,Redhead,kredhead7p@tinyurl.com,Male,52,17
279,Ariella,Hedden,ahedden7q@parallels.com,Female,45,98
280,Giralda,Eglese,geglese7r@woothemes.com,Female,67,91
281,Humbert,Machan,hmachan7s@about.com,Male,48,35
282,Tessi,Maruska,tmaruska7t@ameblo.jp,Female,33,1
283,Ephrayim,Reuter,ereuter7u@networkadvertising.org,Male,11,68
284,Reilly,Scrine,rscrine7v@columbia.edu,Male,28,75
285,Riordan,Swine,rswine7w@unc.edu,Male,65,30
286,Lishe,Volkes,lvolkes7x@nymag.com,Female,11,87
287,Tracy,Cuddihy,tcuddihy7y@walmart.com,Male,4,90
288,Deloris,Wrinch,dwrinch7z@sun.com,Female,54,0
289,Kristel,Rodson,krodson80@baidu.com,Female,34,93
290,Kizzee,Straine,kstraine81@lycos.com,Female,66,80
291,Augusto,Ommanney,aommanney82@biglobe.ne.jp,Male,48,60
292,Alejandrina,Sorro,asorro83@google.com.hk,Female,60,73
293,Hildegarde,Coggill,hcoggill84@cargocollective.com,Female,28,73
294,Wilden,Maypes,wmaypes85@sakura.ne.jp,Male,6,58
295,Maurizia,Gilhouley,mgilhouley86@wisc.edu,Female,95,85
296,Tedie,Nutting,tnutting87@opera.com,Male,43,62
297,Darlleen,Demead,ddemead88@prnewswire.com,Female,83,76
298,Letizia,Kidby,lkidby89@constantcontact.com,Female,32,55
299,Millard,Pattingson,mpattingson8a@yahoo.co.jp,Male,14,54
300,Rycca,Levensky,rlevensky8b@bing.com,Female,55,82
301,Natalee,Billin,nbillin8c@smugmug.com,Female,36,19
302,Donnie,Hirsthouse,dhirsthouse8d@de.vu,Male,81,8
303,Andy,Faircley,afaircley8e@seattletimes.com,Female,32,37
304,Grata,Jeyness,gjeyness8f@epa.gov,Female,57,81
305,Jarred,Hammerberg,jhammerberg8g@fotki.com,Male,44,2
306,Frederica,Gozzard,fgozzard8h@etsy.com,Female,77,31
307,Bettine,Pitt,bpitt8i@meetup.com,Female,49,22
308,Bobbye,Shankster,bshankster8j@howstuffworks.com,Female,76,63
309,Spencer,Maling,smaling8k@goodreads.com,Male,1,86
310,Jacky,Lau,jlau8l@friendfeed.com,Female,10,60
311,Frazier,Gullberg,fgullberg8m@naver.com,Male,55,55
312,Tim,Baughen,tbaughen8n@seattletimes.com,Female,50,79
313,Barnard,Esgate,besgate8o@simplemachines.org,Male,76,15
314,Otes,Ever,oever8p@jugem.jp,Male,91,24
315,Neron,Scarlin,nscarlin8q@sciencedaily.com,Male,90,21
316,Gusti,Gibling,ggibling8r@nymag.com,Female,92,35
317,Henrie,Gredden,hgredden8s@paypal.com,Female,5,57
318,Edan,McDunlevy,emcdunlevy8t@vk.com,Male,60,8
319,Erin,Luscombe,eluscombe8u@4shared.com,Male,82,55
320,Willie,Jephcott,wjephcott8v@nhs.uk,Male,53,36
321,Brinna,Wroe,bwroe8w@cloudflare.com,Female,8,65
322,Mathilda,Schrir,mschrir8x@qq.com,Female,12,53
323,Arluene,Morena,amorena8y@stanford.edu,Female,70,56
324,Sibeal,Crank,scrank8z@bbc.co.uk,Female,10,5
325,Katusha,MacTrustie,kmactrustie90@webeden.co.uk,Female,94,4
326,Cordie,Bercher,cbercher91@jimdo.com,Male,36,92
327,Brantley,Turley,bturley92@marketwatch.com,Male,88,90
328,Eberto,McKyrrelly,emckyrrelly93@ca.gov,Male,3,30
329,Harrison,Sargint,hsargint94@tumblr.com,Male,70,0
330,Neron,Cleghorn,ncleghorn95@weibo.com,Male,40,74
331,Wildon,Roome,wroome96@bravesites.com,Male,75,50
332,Elyse,Zoephel,ezoephel97@telegraph.co.uk,Female,97,13
333,Maxwell,Kleinber,mkleinber98@liveinternet.ru,Male,77,32
334,Cloris,Spinks,cspinks99@usatoday.com,Female,94,15
335,Esme,Wennington,ewennington9a@abc.net.au,Female,45,53
336,Tiebold,Brader,tbrader9b@bloomberg.com,Male,10,29
337,Polly,Zuan,pzuan9c@chron.com,Female,27,42
338,Nevil,Jiggle,njiggle9d@hp.com,Male,29,62
339,Joye,Kubecka,jkubecka9e@aol.com,Female,37,37
340,Caspar,Vicioso,cvicioso9f@ovh.net,Male,86,100
341,Therine,Marciskewski,tmarciskewski9g@nytimes.com,Female,19,69
342,Leroi,Kohlerman,lkohlerman9h@columbia.edu,Male,22,18
343,Tristan,Hassett,thassett9i@omniture.com,Male,25,72
344,Dilan,Auger,dauger9j@statcounter.com,Male,60,5
345,Cassius,Coutthart,ccoutthart9k@google.ca,Male,58,35
346,Jeffie,O'Nowlan,jonowlan9l@twitter.com,Male,46,72
347,Bealle,Trustram,btrustram9m@themeforest.net,Male,81,50
348,Ricki,Ovitz,rovitz9n@moonfruit.com,Female,15,11
349,Binni,Trenholme,btrenholme9o@so-net.ne.jp,Female,3,46
350,Jill,Werner,jwerner9p@vistaprint.com,Female,23,69
351,Ulric,Bryceson,ubryceson9q@furl.net,Male,93,67
352,Jacklyn,Kirvin,jkirvin9r@google.com.hk,Female,56,86
353,Colette,Sizey,csizey9s@1688.com,Female,70,42
354,Earl,Pinchbeck,epinchbeck9t@storify.com,Male,0,80
355,Lexi,Tummasutti,ltummasutti9u@techcrunch.com,Female,15,44
356,Henka,Lagden,hlagden9v@over-blog.com,Female,98,8
357,Waldon,Lambotin,wlambotin9w@histats.com,Male,2,91
358,Kasey,McChesney,kmcchesney9x@jigsy.com,Female,22,73
359,Morey,Isakovic,misakovic9y@aboutads.info,Male,83,14
360,Avram,Beddis,abeddis9z@51.la,Male,28,90
361,Lindsey,Cobello,lcobelloa0@github.com,Male,11,92
362,Sisile,Stoade,sstoadea1@mlb.com,Female,26,55
363,Hortense,Issatt,hissatta2@cam.ac.uk,Female,36,6
364,Pattie,Malinson,pmalinsona3@bloglovin.com,Male,41,6
365,Myrvyn,Gregori,mgregoria4@scientificamerican.com,Male,72,88
366,Isadore,Battman,ibattmana5@economist.com,Male,23,13
367,Haze,Baillie,hbailliea6@skyrock.com,Male,93,55
368,Fianna,Brislawn,fbrislawna7@dell.com,Female,86,42
369,Fernande,Cheel,fcheela8@flavors.me,Female,2,5
370,Chip,Fallows,cfallowsa9@arstechnica.com,Male,79,29
371,Park,Barbrook,pbarbrookaa@foxnews.com,Male,57,23
372,Theo,Lorente,tlorenteab@blogger.com,Female,28,73
373,Jeno,Frowing,jfrowingac@ucsd.edu,Male,32,52
374,Audrye,Featherstonhalgh,afeatherstonhalghad@hud.gov,Female,22,64
375,Carolyne,Cale,ccaleae@europa.eu,Female,49,27
376,Demetria,Grzesiak,dgrzesiakaf@infoseek.co.jp,Female,42,67
377,Merissa,Tribell,mtribellag@nsw.gov.au,Female,77,39
378,Sada,Reany,sreanyah@tinypic.com,Female,68,32
379,Kennith,Barthelmes,kbarthelmesai@army.mil,Male,91,1
380,Rosetta,Muckle,rmuckleaj@myspace.com,Female,75,64
381,Elbertina,Chasier,echasierak@delicious.com,Female,63,51
382,Colas,Connow,cconnowal@ihg.com,Male,7,49
383,Grantley,Rabson,grabsonam@ask.com,Male,87,46
384,Hilliard,Tizard,htizardan@de.vu,Male,9,62
385,Christophorus,Aitkin,caitkinao@tumblr.com,Male,44,24
386,Rhett,Merington,rmeringtonap@ovh.net,Male,81,0
387,Red,Dominicacci,rdominicacciaq@arizona.edu,Male,64,95
388,Myra,Bogart,mbogartar@reference.com,Female,66,20
389,Oralle,Lickorish,olickorishas@canalblog.com,Female,80,21
390,Ashleigh,Tarply,atarplyat@elpais.com,Female,89,12
391,Lauryn,Avison,lavisonau@chronoengine.com,Female,97,46
392,Vasili,Wattingham,vwattinghamav@delicious.com,Male,78,27
393,Filberte,Bamsey,fbamseyaw@mashable.com,Male,40,48
394,Durant,Danilovich,ddanilovichax@princeton.edu,Male,68,7
395,Nichole,Hurles,nhurlesay@eventbrite.com,Male,41,71
396,Kerrie,Torn,ktornaz@moonfruit.com,Female,25,42
397,Toni,Leipnik,tleipnikb0@tripod.com,Female,78,49
398,Wendall,Barthot,wbarthotb1@oaic.gov.au,Male,95,86
399,Scottie,Bartosek,sbartosekb2@dagondesign.com,Male,62,22
400,Yetty,Burkill,yburkillb3@dmoz.org,Female,37,88
401,Lyell,Dallan,ldallanb4@google.nl,Male,26,81
402,Hamish,Templeman,htemplemanb5@unicef.org,Male,7,68
403,Jessamyn,Pinson,jpinsonb6@phpbb.com,Female,54,55
404,Boyd,Taborre,btaborreb7@cmu.edu,Male,13,42
405,Angelico,Copp,acoppb8@is.gd,Male,63,54
406,Briana,Brumby,bbrumbyb9@google.co.jp,Female,45,50
407,Terrance,Kermon,tkermonba@wordpress.org,Male,21,16
408,Leonore,Carnilian,lcarnilianbb@digg.com,Female,96,82
409,Sigmund,Tate,statebc@indiatimes.com,Male,77,37
410,Annabel,Lindores,alindoresbd@goo.ne.jp,Female,85,75
411,Shandee,Delnevo,sdelnevobe@unc.edu,Female,65,57
412,Ronald,Kleinmintz,rkleinmintzbf@google.com,Male,99,43
413,Hervey,Arlett,harlettbg@chronoengine.com,Male,64,48
414,Tyson,Meak,tmeakbh@pagesperso-orange.fr,Male,49,75
415,Brod,Spiby,bspibybi@goo.gl,Male,50,34
416,Gill,Rhoddie,grhoddiebj@nhs.uk,Female,67,7
417,Edna,Barents,ebarentsbk@bloglovin.com,Female,5,72
418,Albie,Hadwin,ahadwinbl@list-manage.com,Male,70,75
419,Goraud,Itscowicz,gitscowiczbm@slideshare.net,Male,8,71
420,Dante,Saffrin,dsaffrinbn@cornell.edu,Male,10,3
421,Jaye,Humpherson,jhumphersonbo@slideshare.net,Male,4,41
422,Benedikt,Bentall,bbentallbp@geocities.com,Male,85,45
423,Alberto,Kingcote,akingcotebq@exblog.jp,Male,56,25
424,Dorry,McWhinnie,dmcwhinniebr@wordpress.org,Female,70,3
425,Deeanne,Stripp,dstrippbs@usnews.com,Female,81,65
426,Marielle,Simonin,msimoninbt@desdev.cn,Female,67,20
427,Danyette,Aughtie,daughtiebu@a8.net,Female,97,45
428,Channa,Janecki,cjaneckibv@moonfruit.com,Female,51,58
429,Randolph,Sparshatt,rsparshattbw@ted.com,Male,58,82
430,Reuben,Bartke,rbartkebx@aol.com,Male,93,3
431,Abelard,Sunner,asunnerby@dropbox.com,Male,61,95
432,Madlin,Huddles,mhuddlesbz@google.com.br,Female,9,70
433,Pegeen,Quinn,pquinnc0@vinaora.com,Female,55,75
434,De,Josselson,djosselsonc1@forbes.com,Female,6,47
435,Newton,Hawler,nhawlerc2@feedburner.com,Male,57,19
436,Regan,McKeaney,rmckeaneyc3@purevolume.com,Male,2,45
437,Hayward,Iannelli,hiannellic4@delicious.com,Male,47,34
438,Bradney,Kimmings,bkimmingsc5@blogtalkradio.com,Male,84,82
439,Theodore,Oley,toleyc6@tumblr.com,Male,95,92
440,Willamina,Dauby,wdaubyc7@amazon.de,Female,77,96
441,Annemarie,Jirak,ajirakc8@sciencedirect.com,Female,53,68
442,Gino,Quinane,gquinanec9@wikipedia.org,Male,25,0
443,Sigismund,Connor,sconnorca@technorati.com,Male,66,95
444,Hank,Softley,hsoftleycb@gnu.org,Male,73,70
445,Ellswerth,Applin,eapplincc@issuu.com,Male,34,25
446,Avrit,Duffield,aduffieldcd@bloglines.com,Female,52,43
447,Paige,Brommage,pbrommagece@auda.org.au,Female,50,12
448,Garret,McGill,gmcgillcf@google.es,Male,78,41
449,Kirsteni,Cordon,kcordoncg@army.mil,Female,6,95
450,Cindie,Fetteplace,cfetteplacech@cargocollective.com,Female,77,80
451,Kirstin,Waterfield,kwaterfieldci@hugedomains.com,Female,35,29
452,Amandy,Lochhead,alochheadcj@cyberchimps.com,Female,21,37
453,Willey,Chrestien,wchrestienck@dot.gov,Male,79,38
454,Marje,Gerhardt,mgerhardtcl@freewebs.com,Female,15,83
455,Alberto,Ickowicz,aickowiczcm@mysql.com,Male,28,64
456,Nikolas,Thiem,nthiemcn@elegantthemes.com,Male,62,87
457,Damara,Sandiford,dsandifordco@ucoz.com,Female,35,13
458,Fonsie,Kincaid,fkincaidcp@eventbrite.com,Male,93,81
459,Cletis,Ewence,cewencecq@nymag.com,Male,14,58
460,Cally,Crang,ccrangcr@barnesandnoble.com,Female,54,59
461,Chen,Kaindl,ckaindlcs@cmu.edu,Male,5,96
462,Conney,Perrin,cperrinct@cdbaby.com,Male,33,58
463,Sallie,Gallant,sgallantcu@indiegogo.com,Female,72,44
464,Fred,Giraldo,fgiraldocv@bravesites.com,Male,67,34
465,Dugald,Quarlis,dquarliscw@jiathis.com,Male,11,11
466,Jennilee,Oosthout de Vree,joosthoutdevreecx@omniture.com,Female,78,38
467,Pepito,Monkeman,pmonkemancy@google.co.uk,Male,41,79
468,Cammi,Rickerd,crickerdcz@pinterest.com,Female,3,22
469,Drona,Kynd,dkyndd0@photobucket.com,Female,5,86
470,Lianna,Kobierzycki,lkobierzyckid1@friendfeed.com,Female,22,80
471,Ninnetta,Skurm,nskurmd2@berkeley.edu,Female,83,83
472,Morgun,Ryde,mryded3@comcast.net,Male,61,45
473,Blythe,Awcoate,bawcoated4@bbc.co.uk,Female,52,15
474,Jake,Smallshaw,jsmallshawd5@instagram.com,Male,31,22
475,Obie,Paullin,opaullind6@army.mil,Male,14,3
476,Moyna,Schimmang,mschimmangd7@chron.com,Female,98,93
477,Art,Kilalea,akilalead8@exblog.jp,Male,99,15
478,Flem,Maunsell,fmaunselld9@aboutads.info,Male,86,85
479,Chrissie,Beeswing,cbeeswingda@craigslist.org,Male,80,9
480,Samuele,Veregan,sveregandb@nbcnews.com,Male,45,93
481,Star,Guage,sguagedc@bloglovin.com,Female,59,39
482,Judd,McNelly,jmcnellydd@merriam-webster.com,Male,38,77
483,Elnar,Cater,ecaterde@ifeng.com,Male,49,59
484,Barbabra,Sugars,bsugarsdf@google.fr,Female,30,45
485,Teddie,Ellis,tellisdg@cdbaby.com,Male,55,0
486,Ferguson,Hargraves,fhargravesdh@hao123.com,Male,22,19
487,Alfonse,Banting,abantingdi@hatena.ne.jp,Male,22,50
488,Fae,Cridland,fcridlanddj@amazon.co.uk,Female,11,79
489,Orsa,Crannach,ocrannachdk@live.com,Female,12,13
490,Florie,Jenny,fjennydl@hud.gov,Female,45,50
491,Merlina,Bagby,mbagbydm@omniture.com,Female,41,66
492,Aldis,Shrawley,ashrawleydn@newsvine.com,Male,75,77
493,Hewet,De Goey,hdegoeydo@sogou.com,Male,22,86
494,Jasun,Kefford,jkefforddp@yahoo.co.jp,Male,31,25
495,Robyn,Dumbleton,rdumbletondq@a8.net,Female,49,23
496,Dario,Leimster,dleimsterdr@utexas.edu,Male,10,11
497,Adlai,Van Dalen,avandalends@altervista.org,Male,6,73
498,Cash,Viles,cvilesdt@nytimes.com,Male,28,62
499,Orlan,Kitt,okittdu@wsj.com,Male,90,37
500,Farand,Lightbourne,flightbournedv@businessweek.com,Female,17,37
